{"cameraMode":{"drawMode":0,"name":"Shaded","section":"Shading Mode"},"sceneLighting":true,"audioPlay":false,"sceneViewState":{"m_AlwaysRefresh":false,"showFog":true,"showSkybox":true,"showFlares":true,"showImageEffects":true,"showParticleSystems":true,"showVisualEffectGraphs":true,"m_FxEnabled":true},"in2DMode":false,"pivot":{"x":1.6870241165161133,"y":0.7086125612258911,"z":1.0941020250320435},"rotation":{"x":0.024322938174009324,"y":0.8761205077171326,"z":0.04444900527596474,"w":-0.47942277789115908},"size":1.0129250288009644,"orthographic":false}